{
  "url": "https://api.github.com/repos/czechboy0/czechboy0.github.io/releases/1585808",
  "assets_url": "https://api.github.com/repos/czechboy0/czechboy0.github.io/releases/1585808/assets",
  "upload_url": "https://uploads.github.com/repos/czechboy0/czechboy0.github.io/releases/1585808/assets{?name}",
  "html_url": "https://github.com/czechboy0/czechboy0.github.io/releases/tag/tag33",
  "id": 1585808,
  "tag_name": "tag33",
  "target_commitish": "test",
  "name": "Awesome Release",
  "draft": false,
  "author": {
    "login": "czechboy0",
    "id": 2182121,
    "avatar_url": "https://avatars.githubusercontent.com/u/2182121?v=3",
    "gravatar_id": "",
    "url": "https://api.github.com/users/czechboy0",
    "html_url": "https://github.com/czechboy0",
    "followers_url": "https://api.github.com/users/czechboy0/followers",
    "following_url": "https://api.github.com/users/czechboy0/following{/other_user}",
    "gists_url": "https://api.github.com/users/czechboy0/gists{/gist_id}",
    "starred_url": "https://api.github.com/users/czechboy0/starred{/owner}{/repo}",
    "subscriptions_url": "https://api.github.com/users/czechboy0/subscriptions",
    "organizations_url": "https://api.github.com/users/czechboy0/orgs",
    "repos_url": "https://api.github.com/users/czechboy0/repos",
    "events_url": "https://api.github.com/users/czechboy0/events{/privacy}",
    "received_events_url": "https://api.github.com/users/czechboy0/received_events",
    "type": "User",
    "site_admin": false
  },
  "prerelease": false,
  "created_at": "2015-07-23T23:54:51Z",
  "published_at": "2015-07-25T13:13:35Z",
  "assets": [],
  "tarball_url": "https://api.github.com/repos/czechboy0/czechboy0.github.io/tarball/tag33",
  "zipball_url": "https://api.github.com/repos/czechboy0/czechboy0.github.io/zipball/tag33",
  "body": "Bunch of new things :+1:"
}