[
  {
    "url": "https://api.github.com/repos/KrauseFx/fastlane/releases/1537713",
    "assets_url": "https://api.github.com/repos/KrauseFx/fastlane/releases/1537713/assets",
    "upload_url": "https://uploads.github.com/repos/KrauseFx/fastlane/releases/1537713/assets{?name}",
    "html_url": "https://github.com/fastlane/fastlane/releases/tag/1.8.0",
    "id": 1537713,
    "tag_name": "1.8.0",
    "target_commitish": "master",
    "name": "1.8.0 Switch Lanes & Pass Parameters",
    "draft": false,
    "author": {
      "login": "KrauseFx",
      "id": 869950,
      "avatar_url": "https://avatars.githubusercontent.com/u/869950?v=3",
      "gravatar_id": "",
      "url": "https://api.github.com/users/KrauseFx",
      "html_url": "https://github.com/fastlane",
      "followers_url": "https://api.github.com/users/KrauseFx/followers",
      "following_url": "https://api.github.com/users/KrauseFx/following{/other_user}",
      "gists_url": "https://api.github.com/users/KrauseFx/gists{/gist_id}",
      "starred_url": "https://api.github.com/users/KrauseFx/starred{/owner}{/repo}",
      "subscriptions_url": "https://api.github.com/users/KrauseFx/subscriptions",
      "organizations_url": "https://api.github.com/users/KrauseFx/orgs",
      "repos_url": "https://api.github.com/users/KrauseFx/repos",
      "events_url": "https://api.github.com/users/KrauseFx/events{/privacy}",
      "received_events_url": "https://api.github.com/users/KrauseFx/received_events",
      "type": "User",
      "site_admin": false
    },
    "prerelease": false,
    "created_at": "2015-07-14T23:33:01Z",
    "published_at": "2015-07-14T23:44:10Z",
    "assets": [

    ],
    "tarball_url": "https://api.github.com/repos/KrauseFx/fastlane/tarball/1.8.0",
    "zipball_url": "https://api.github.com/repos/KrauseFx/fastlane/zipball/1.8.0",
    "body": "This is one of the biggest updates of `fastlane` yet: You can now execute lanes from within lanes and even pass parameters.\r\n\r\nThis allows you to move common build steps into a shared lane. Additionally it's now also possible to pass parameters from the command line to your lane.\r\n\r\n## Passing Parameters\r\n\r\nTo pass parameters from the command line to your lane, use the following syntax:\r\n\r\n```\r\nfastlane [lane] key:value key2:value2\r\n\r\nfastlane deploy submit:false build_number:24\r\n```\r\n\r\nTo access those values, change your lane decleration to also include `|options|`\r\n\r\n```ruby\r\nlane :deploy do |options|\r\n  ...\r\n  if options[:submit]\r\n    # Only when submit is true\r\n  end\r\n  ...\r\n  increment_build_number(build_number: options[:build_nymber])\r\n  ...\r\nend\r\n```\r\n\r\n## Switching lanes\r\n\r\nTo switch lanes while executing a lane, use the following code:\r\n\r\n```ruby\r\nlane :deploy do |options|\r\n  ...\r\n  build(release: true) # that's the important bit\r\n  hockey\r\n  ...\r\nend\r\n\r\nlane :staging do |options|\r\n  ...\r\n  build # it also works when you don't pass parameters\r\n  hockey\r\n  ...\r\nend\r\n\r\nlane :build do |options|\r\n  scheme = (options[:release] ? \"Release\" : \"Staging\")\r\n  ipa(scheme: scheme)\r\nend\r\n```\r\n\r\n`fastlane` takes care of all the magic for you. You can call lanes of the same platform or a general lane outside of the `platform` definition.\r\n\r\nPassing parameters is optional.\r\n\r\n## Returning values\r\nAdditionally, you can retrieve the return value. In Ruby, the last line of the `lane` definition is the return value. Here is an example:\r\n\r\n```ruby\r\nlane :deploy do |options|\r\n  value = calculate(value: 3)\r\n  puts value # => 5\r\nend\r\n\r\nlane :calculate do |options|\r\n  ...\r\n  2 + options[:value] # the last line will always be the return value\r\nend\r\n```\r\n\r\n\r\n## More changes\r\n- Upload of the `dsym` file by default when using the hockey integration\r\n- Improved importing of certificates (thanks @milch)\r\n- Updated documentation"
  },
  {
    "url": "https://api.github.com/repos/KrauseFx/fastlane/releases/1527972",
    "assets_url": "https://api.github.com/repos/KrauseFx/fastlane/releases/1527972/assets",
    "upload_url": "https://uploads.github.com/repos/KrauseFx/fastlane/releases/1527972/assets{?name}",
    "html_url": "https://github.com/fastlane/fastlane/releases/tag/1.7.3",
    "id": 1527972,
    "tag_name": "1.7.3",
    "target_commitish": "master",
    "name": "1.7.3 Keychain improvements",
    "draft": false,
    "author": {
      "login": "KrauseFx",
      "id": 869950,
      "avatar_url": "https://avatars.githubusercontent.com/u/869950?v=3",
      "gravatar_id": "",
      "url": "https://api.github.com/users/KrauseFx",
      "html_url": "https://github.com/fastlane",
      "followers_url": "https://api.github.com/users/KrauseFx/followers",
      "following_url": "https://api.github.com/users/KrauseFx/following{/other_user}",
      "gists_url": "https://api.github.com/users/KrauseFx/gists{/gist_id}",
      "starred_url": "https://api.github.com/users/KrauseFx/starred{/owner}{/repo}",
      "subscriptions_url": "https://api.github.com/users/KrauseFx/subscriptions",
      "organizations_url": "https://api.github.com/users/KrauseFx/orgs",
      "repos_url": "https://api.github.com/users/KrauseFx/repos",
      "events_url": "https://api.github.com/users/KrauseFx/events{/privacy}",
      "received_events_url": "https://api.github.com/users/KrauseFx/received_events",
      "type": "User",
      "site_admin": false
    },
    "prerelease": false,
    "created_at": "2015-07-13T07:04:51Z",
    "published_at": "2015-07-13T07:05:15Z",
    "assets": [

    ],
    "tarball_url": "https://api.github.com/repos/KrauseFx/fastlane/tarball/1.7.3",
    "zipball_url": "https://api.github.com/repos/KrauseFx/fastlane/zipball/1.7.3",
    "body": "- Added automatic switching back to previously active keychain (thanks @milch)\r\n- Added storing of previously active keychain in the lane environment (thanks @milch)\r\n- Updated `fastlane_core` dependency"
  },
  {
    "url": "https://api.github.com/repos/KrauseFx/fastlane/releases/1524987",
    "assets_url": "https://api.github.com/repos/KrauseFx/fastlane/releases/1524987/assets",
    "upload_url": "https://uploads.github.com/repos/KrauseFx/fastlane/releases/1524987/assets{?name}",
    "html_url": "https://github.com/fastlane/fastlane/releases/tag/1.7.2",
    "id": 1524987,
    "tag_name": "1.7.2",
    "target_commitish": "master",
    "name": "1.7.2 Accessing lane context easier",
    "draft": false,
    "author": {
      "login": "KrauseFx",
      "id": 869950,
      "avatar_url": "https://avatars.githubusercontent.com/u/869950?v=3",
      "gravatar_id": "",
      "url": "https://api.github.com/users/KrauseFx",
      "html_url": "https://github.com/fastlane",
      "followers_url": "https://api.github.com/users/KrauseFx/followers",
      "following_url": "https://api.github.com/users/KrauseFx/following{/other_user}",
      "gists_url": "https://api.github.com/users/KrauseFx/gists{/gist_id}",
      "starred_url": "https://api.github.com/users/KrauseFx/starred{/owner}{/repo}",
      "subscriptions_url": "https://api.github.com/users/KrauseFx/subscriptions",
      "organizations_url": "https://api.github.com/users/KrauseFx/orgs",
      "repos_url": "https://api.github.com/users/KrauseFx/repos",
      "events_url": "https://api.github.com/users/KrauseFx/events{/privacy}",
      "received_events_url": "https://api.github.com/users/KrauseFx/received_events",
      "type": "User",
      "site_admin": false
    },
    "prerelease": false,
    "created_at": "2015-07-11T19:26:03Z",
    "published_at": "2015-07-11T19:27:40Z",
    "assets": [

    ],
    "tarball_url": "https://api.github.com/repos/KrauseFx/fastlane/tarball/1.7.2",
    "zipball_url": "https://api.github.com/repos/KrauseFx/fastlane/zipball/1.7.2",
    "body": "From\r\n```ruby\r\nActions.lane_context[Actions::SharedValues::LANE_NAME]\r\n```\r\nto \r\n```ruby\r\nlane_context[SharedValues::LANE_NAME]\r\n```\r\nMakes things so much cleaner :white_check_mark: More details about the available context variables [here](https://github.com/fastlane/fastlane/blob/master/docs/Advanced.md#lane-context).\r\n\r\nAlso new, check out the [Code Signing Guide](https://github.com/fastlane/fastlane/blob/master/docs/CodeSigning.md) :key: "
  },
  {
    "url": "https://api.github.com/repos/KrauseFx/fastlane/releases/1524299",
    "assets_url": "https://api.github.com/repos/KrauseFx/fastlane/releases/1524299/assets",
    "upload_url": "https://uploads.github.com/repos/KrauseFx/fastlane/releases/1524299/assets{?name}",
    "html_url": "https://github.com/fastlane/fastlane/releases/tag/1.7.1",
    "id": 1524299,
    "tag_name": "1.7.1",
    "target_commitish": "master",
    "name": "1.7.1 Improvements",
    "draft": false,
    "author": {
      "login": "KrauseFx",
      "id": 869950,
      "avatar_url": "https://avatars.githubusercontent.com/u/869950?v=3",
      "gravatar_id": "",
      "url": "https://api.github.com/users/KrauseFx",
      "html_url": "https://github.com/fastlane",
      "followers_url": "https://api.github.com/users/KrauseFx/followers",
      "following_url": "https://api.github.com/users/KrauseFx/following{/other_user}",
      "gists_url": "https://api.github.com/users/KrauseFx/gists{/gist_id}",
      "starred_url": "https://api.github.com/users/KrauseFx/starred{/owner}{/repo}",
      "subscriptions_url": "https://api.github.com/users/KrauseFx/subscriptions",
      "organizations_url": "https://api.github.com/users/KrauseFx/orgs",
      "repos_url": "https://api.github.com/users/KrauseFx/repos",
      "events_url": "https://api.github.com/users/KrauseFx/events{/privacy}",
      "received_events_url": "https://api.github.com/users/KrauseFx/received_events",
      "type": "User",
      "site_admin": false
    },
    "prerelease": false,
    "created_at": "2015-07-11T12:23:02Z",
    "published_at": "2015-07-11T12:26:00Z",
    "assets": [

    ],
    "tarball_url": "https://api.github.com/repos/KrauseFx/fastlane/tarball/1.7.1",
    "zipball_url": "https://api.github.com/repos/KrauseFx/fastlane/zipball/1.7.1",
    "body": "- Added new `destination` option for `xcodebuild` (thanks Adam Cohen-Rose)\r\n- Improved `update_fastlane` action (thanks @milch)\r\n- Improved hipchat integration (thanks Christoph Dieckmann)\r\n- Updated to the brand new [spaceship](https://spaceship.airforce) powered [cert](https://github.com/fastlane/cert)"
  },
  {
    "url": "https://api.github.com/repos/KrauseFx/fastlane/releases/1495745",
    "assets_url": "https://api.github.com/repos/KrauseFx/fastlane/releases/1495745/assets",
    "upload_url": "https://uploads.github.com/repos/KrauseFx/fastlane/releases/1495745/assets{?name}",
    "html_url": "https://github.com/fastlane/fastlane/releases/tag/1.7.0",
    "id": 1495745,
    "tag_name": "1.7.0",
    "target_commitish": "master",
    "name": "1.7.0 New Actions",
    "draft": false,
    "author": {
      "login": "KrauseFx",
      "id": 869950,
      "avatar_url": "https://avatars.githubusercontent.com/u/869950?v=3",
      "gravatar_id": "",
      "url": "https://api.github.com/users/KrauseFx",
      "html_url": "https://github.com/fastlane",
      "followers_url": "https://api.github.com/users/KrauseFx/followers",
      "following_url": "https://api.github.com/users/KrauseFx/following{/other_user}",
      "gists_url": "https://api.github.com/users/KrauseFx/gists{/gist_id}",
      "starred_url": "https://api.github.com/users/KrauseFx/starred{/owner}{/repo}",
      "subscriptions_url": "https://api.github.com/users/KrauseFx/subscriptions",
      "organizations_url": "https://api.github.com/users/KrauseFx/orgs",
      "repos_url": "https://api.github.com/users/KrauseFx/repos",
      "events_url": "https://api.github.com/users/KrauseFx/events{/privacy}",
      "received_events_url": "https://api.github.com/users/KrauseFx/received_events",
      "type": "User",
      "site_admin": false
    },
    "prerelease": false,
    "created_at": "2015-07-04T16:08:54Z",
    "published_at": "2015-07-04T16:15:34Z",
    "assets": [

    ],
    "tarball_url": "https://api.github.com/repos/KrauseFx/fastlane/tarball/1.7.0",
    "zipball_url": "https://api.github.com/repos/KrauseFx/fastlane/zipball/1.7.0",
    "body": "- **New**: `import_certificate `: Import certificates into the current default keychain (thanks @gin0606)\r\n- **New**: `lcov`: Generate code coverage reports based on `lcov` (thanks Thiago Lioy)\r\n- **New**: `appstore`: Action to upload new builds and metadata to the App Store, alias for `deliver`\r\n- **New**: `update_app_group_identifiers`: Updates the App Group Identifiers in the given Entitlements file, so you can have app groups for the app store build and app groups for an enterprise build (thanks Mathias Aichinger)\r\n- **New**: `create_keychain`: Create a new keychain, which can then be used to import certificates (thanks @gin0606)\r\n- **New**: `delete_keychain `: Delete an existing keychain (thanks @gin0606)\r\n- **New** `notify_room` option for `hipchat` (thanks Christoph Dieckmann)\r\n- **New** `silent` option for the `ipa` action (thanks @gfpacheco)\r\n- **Updated** `sigh`, `shenzhen`, `produce` dependencies"
  },
  {
    "url": "https://api.github.com/repos/KrauseFx/fastlane/releases/1468359",
    "assets_url": "https://api.github.com/repos/KrauseFx/fastlane/releases/1468359/assets",
    "upload_url": "https://uploads.github.com/repos/KrauseFx/fastlane/releases/1468359/assets{?name}",
    "html_url": "https://github.com/fastlane/fastlane/releases/tag/1.6.0",
    "id": 1468359,
    "tag_name": "1.6.0",
    "target_commitish": "master",
    "name": "1.6.0 New Actions, Template Support",
    "draft": false,
    "author": {
      "login": "KrauseFx",
      "id": 869950,
      "avatar_url": "https://avatars.githubusercontent.com/u/869950?v=3",
      "gravatar_id": "",
      "url": "https://api.github.com/users/KrauseFx",
      "html_url": "https://github.com/fastlane",
      "followers_url": "https://api.github.com/users/KrauseFx/followers",
      "following_url": "https://api.github.com/users/KrauseFx/following{/other_user}",
      "gists_url": "https://api.github.com/users/KrauseFx/gists{/gist_id}",
      "starred_url": "https://api.github.com/users/KrauseFx/starred{/owner}{/repo}",
      "subscriptions_url": "https://api.github.com/users/KrauseFx/subscriptions",
      "organizations_url": "https://api.github.com/users/KrauseFx/orgs",
      "repos_url": "https://api.github.com/users/KrauseFx/repos",
      "events_url": "https://api.github.com/users/KrauseFx/events{/privacy}",
      "received_events_url": "https://api.github.com/users/KrauseFx/received_events",
      "type": "User",
      "site_admin": false
    },
    "prerelease": false,
    "created_at": "2015-06-27T08:42:14Z",
    "published_at": "2015-06-27T09:21:41Z",
    "assets": [

    ],
    "tarball_url": "https://api.github.com/repos/KrauseFx/fastlane/tarball/1.6.0",
    "zipball_url": "https://api.github.com/repos/KrauseFx/fastlane/zipball/1.6.0",
    "body": "- Added brand new HTML template system for the email and the `s3` action (thanks Thiago Lioy)\r\n- Added new `backup_file` and `restore_file` actions (thanks @gin0606)\r\n- Added new `destination_timeout` option to `xctest` (thanks @samsonjs)\r\n- Added support for custom hosts in `hipchat` integration (thanks \tChristoph Dieckmann)\r\n- Removed Hall integration, as their service shut down\r\n- Updated project landing page\r\n- Updated `sigh` dependency"
  },
  {
    "url": "https://api.github.com/repos/KrauseFx/fastlane/releases/1441400",
    "assets_url": "https://api.github.com/repos/KrauseFx/fastlane/releases/1441400/assets",
    "upload_url": "https://uploads.github.com/repos/KrauseFx/fastlane/releases/1441400/assets{?name}",
    "html_url": "https://github.com/fastlane/fastlane/releases/tag/1.5.0",
    "id": 1441400,
    "tag_name": "1.5.0",
    "target_commitish": "master",
    "name": "1.5.0 Full Mercurial Support",
    "draft": false,
    "author": {
      "login": "KrauseFx",
      "id": 869950,
      "avatar_url": "https://avatars.githubusercontent.com/u/869950?v=3",
      "gravatar_id": "",
      "url": "https://api.github.com/users/KrauseFx",
      "html_url": "https://github.com/fastlane",
      "followers_url": "https://api.github.com/users/KrauseFx/followers",
      "following_url": "https://api.github.com/users/KrauseFx/following{/other_user}",
      "gists_url": "https://api.github.com/users/KrauseFx/gists{/gist_id}",
      "starred_url": "https://api.github.com/users/KrauseFx/starred{/owner}{/repo}",
      "subscriptions_url": "https://api.github.com/users/KrauseFx/subscriptions",
      "organizations_url": "https://api.github.com/users/KrauseFx/orgs",
      "repos_url": "https://api.github.com/users/KrauseFx/repos",
      "events_url": "https://api.github.com/users/KrauseFx/events{/privacy}",
      "received_events_url": "https://api.github.com/users/KrauseFx/received_events",
      "type": "User",
      "site_admin": false
    },
    "prerelease": false,
    "created_at": "2015-06-20T16:41:42Z",
    "published_at": "2015-06-20T16:42:07Z",
    "assets": [

    ],
    "tarball_url": "https://api.github.com/repos/KrauseFx/fastlane/tarball/1.5.0",
    "zipball_url": "https://api.github.com/repos/KrauseFx/fastlane/zipball/1.5.0",
    "body": "- Added full Mercurial support to `fastlane` (thanks @sjrmanning)\r\n - `hg_push`\r\n - `hg_commit_version_bump`\r\n - `hg_add_tag`\r\n - `hg_ensure_clean_status`\r\n- Added new `testflight` action to upload builds straight to TestFlight :rocket: \r\n- Multi-Author Support :person_with_blond_hair: \r\n - One action can finally store multiple owners. Try it: `fastlane action cocoapods`\r\n- Added new options to the `s3` action (thanks @rossbeale)\r\n- Improved TestMunk action (thanks Johannes Berdin)\r\n- Added new `hockey` option to specify users\r\n- Updated `sigh`, `deliver` and `produce`"
  },
  {
    "url": "https://api.github.com/repos/KrauseFx/fastlane/releases/1407426",
    "assets_url": "https://api.github.com/repos/KrauseFx/fastlane/releases/1407426/assets",
    "upload_url": "https://uploads.github.com/repos/KrauseFx/fastlane/releases/1407426/assets{?name}",
    "html_url": "https://github.com/fastlane/fastlane/releases/tag/1.4.0",
    "id": 1407426,
    "tag_name": "1.4.0",
    "target_commitish": "master",
    "name": "1.4.0 New Integrations",
    "draft": false,
    "author": {
      "login": "KrauseFx",
      "id": 869950,
      "avatar_url": "https://avatars.githubusercontent.com/u/869950?v=3",
      "gravatar_id": "",
      "url": "https://api.github.com/users/KrauseFx",
      "html_url": "https://github.com/fastlane",
      "followers_url": "https://api.github.com/users/KrauseFx/followers",
      "following_url": "https://api.github.com/users/KrauseFx/following{/other_user}",
      "gists_url": "https://api.github.com/users/KrauseFx/gists{/gist_id}",
      "starred_url": "https://api.github.com/users/KrauseFx/starred{/owner}{/repo}",
      "subscriptions_url": "https://api.github.com/users/KrauseFx/subscriptions",
      "organizations_url": "https://api.github.com/users/KrauseFx/orgs",
      "repos_url": "https://api.github.com/users/KrauseFx/repos",
      "events_url": "https://api.github.com/users/KrauseFx/events{/privacy}",
      "received_events_url": "https://api.github.com/users/KrauseFx/received_events",
      "type": "User",
      "site_admin": false
    },
    "prerelease": false,
    "created_at": "2015-06-12T05:02:10Z",
    "published_at": "2015-06-12T05:10:36Z",
    "assets": [

    ],
    "tarball_url": "https://api.github.com/repos/KrauseFx/fastlane/tarball/1.4.0",
    "zipball_url": "https://api.github.com/repos/KrauseFx/fastlane/zipball/1.4.0",
    "body": "### New Features\r\n- New `ensure_git_branch` action to make sure you're on a specific git branch (thanks @dbachrach)\r\n- New `update_info_plist` action to update the `Info.plist` before building your app (thanks @tobiasstrebitzer)\r\n- Added `commit_sha`, `repository_url` and `build_server_url` options to `hockey` action (thanks @tadpol)\r\n- Added 6 new options to the `cocoapods` integration (thanks @tadpol)\r\n\r\n### New Commands\r\n- `fastlane lanes`: Lists all available lanes with description\r\n- `fastlane list`: Lists all available lanes without description\r\n- `fastlane docs`: Generates a markdown based documentation of all your lanes\r\n\r\n### Updated\r\n- Upgraded `sigh` to use the new [spaceship.airforce](https://spaceship.airforce) :rocket: \r\n- Preparations for new tools to come :+1: \r\n\r\n### Improvements\r\n- Improved nested `Appfile` (thanks @fabiomassimo)\r\n- Added debug information to `commit_version_bump` action (thanks @lmirosevic)\r\n- Improved `ipa` integration (thanks @jeanregisser)\r\n- Improved error handling in `update_project_provisioning` action"
  },
  {
    "url": "https://api.github.com/repos/KrauseFx/fastlane/releases/1348993",
    "assets_url": "https://api.github.com/repos/KrauseFx/fastlane/releases/1348993/assets",
    "upload_url": "https://uploads.github.com/repos/KrauseFx/fastlane/releases/1348993/assets{?name}",
    "html_url": "https://github.com/fastlane/fastlane/releases/tag/1.3.2",
    "id": 1348993,
    "tag_name": "1.3.2",
    "target_commitish": "master",
    "name": "1.3.2 Updated actions for new core",
    "draft": false,
    "author": {
      "login": "KrauseFx",
      "id": 869950,
      "avatar_url": "https://avatars.githubusercontent.com/u/869950?v=3",
      "gravatar_id": "",
      "url": "https://api.github.com/users/KrauseFx",
      "html_url": "https://github.com/fastlane",
      "followers_url": "https://api.github.com/users/KrauseFx/followers",
      "following_url": "https://api.github.com/users/KrauseFx/following{/other_user}",
      "gists_url": "https://api.github.com/users/KrauseFx/gists{/gist_id}",
      "starred_url": "https://api.github.com/users/KrauseFx/starred{/owner}{/repo}",
      "subscriptions_url": "https://api.github.com/users/KrauseFx/subscriptions",
      "organizations_url": "https://api.github.com/users/KrauseFx/orgs",
      "repos_url": "https://api.github.com/users/KrauseFx/repos",
      "events_url": "https://api.github.com/users/KrauseFx/events{/privacy}",
      "received_events_url": "https://api.github.com/users/KrauseFx/received_events",
      "type": "User",
      "site_admin": false
    },
    "prerelease": false,
    "created_at": "2015-05-28T16:42:15Z",
    "published_at": "2015-05-28T16:43:00Z",
    "assets": [

    ],
    "tarball_url": "https://api.github.com/repos/KrauseFx/fastlane/tarball/1.3.2",
    "zipball_url": "https://api.github.com/repos/KrauseFx/fastlane/zipball/1.3.2",
    "body": "Preparations for the new `fastlane_core`"
  },
  {
    "url": "https://api.github.com/repos/KrauseFx/fastlane/releases/1339183",
    "assets_url": "https://api.github.com/repos/KrauseFx/fastlane/releases/1339183/assets",
    "upload_url": "https://uploads.github.com/repos/KrauseFx/fastlane/releases/1339183/assets{?name}",
    "html_url": "https://github.com/fastlane/fastlane/releases/tag/1.3.1",
    "id": 1339183,
    "tag_name": "1.3.1",
    "target_commitish": "master",
    "name": "1.3.1 Fixed S3 Integration",
    "draft": false,
    "author": {
      "login": "KrauseFx",
      "id": 869950,
      "avatar_url": "https://avatars.githubusercontent.com/u/869950?v=3",
      "gravatar_id": "",
      "url": "https://api.github.com/users/KrauseFx",
      "html_url": "https://github.com/fastlane",
      "followers_url": "https://api.github.com/users/KrauseFx/followers",
      "following_url": "https://api.github.com/users/KrauseFx/following{/other_user}",
      "gists_url": "https://api.github.com/users/KrauseFx/gists{/gist_id}",
      "starred_url": "https://api.github.com/users/KrauseFx/starred{/owner}{/repo}",
      "subscriptions_url": "https://api.github.com/users/KrauseFx/subscriptions",
      "organizations_url": "https://api.github.com/users/KrauseFx/orgs",
      "repos_url": "https://api.github.com/users/KrauseFx/repos",
      "events_url": "https://api.github.com/users/KrauseFx/events{/privacy}",
      "received_events_url": "https://api.github.com/users/KrauseFx/received_events",
      "type": "User",
      "site_admin": false
    },
    "prerelease": false,
    "created_at": "2015-05-26T18:55:51Z",
    "published_at": "2015-05-26T18:56:48Z",
    "assets": [

    ],
    "tarball_url": "https://api.github.com/repos/KrauseFx/fastlane/tarball/1.3.1",
    "zipball_url": "https://api.github.com/repos/KrauseFx/fastlane/zipball/1.3.1",
    "body": "- Fixed an issue with the `shenzhen` dependency\r\n- Correctly passing of version number to `deliver` action\r\n- Other little improvements"
  },
  {
    "url": "https://api.github.com/repos/KrauseFx/fastlane/releases/1327045",
    "assets_url": "https://api.github.com/repos/KrauseFx/fastlane/releases/1327045/assets",
    "upload_url": "https://uploads.github.com/repos/KrauseFx/fastlane/releases/1327045/assets{?name}",
    "html_url": "https://github.com/fastlane/fastlane/releases/tag/1.3.0",
    "id": 1327045,
    "tag_name": "1.3.0",
    "target_commitish": "master",
    "name": "1.3.0 Code Signing done right",
    "draft": false,
    "author": {
      "login": "KrauseFx",
      "id": 869950,
      "avatar_url": "https://avatars.githubusercontent.com/u/869950?v=3",
      "gravatar_id": "",
      "url": "https://api.github.com/users/KrauseFx",
      "html_url": "https://github.com/fastlane",
      "followers_url": "https://api.github.com/users/KrauseFx/followers",
      "following_url": "https://api.github.com/users/KrauseFx/following{/other_user}",
      "gists_url": "https://api.github.com/users/KrauseFx/gists{/gist_id}",
      "starred_url": "https://api.github.com/users/KrauseFx/starred{/owner}{/repo}",
      "subscriptions_url": "https://api.github.com/users/KrauseFx/subscriptions",
      "organizations_url": "https://api.github.com/users/KrauseFx/orgs",
      "repos_url": "https://api.github.com/users/KrauseFx/repos",
      "events_url": "https://api.github.com/users/KrauseFx/events{/privacy}",
      "received_events_url": "https://api.github.com/users/KrauseFx/received_events",
      "type": "User",
      "site_admin": false
    },
    "prerelease": false,
    "created_at": "2015-05-22T13:03:49Z",
    "published_at": "2015-05-22T13:04:32Z",
    "assets": [

    ],
    "tarball_url": "https://api.github.com/repos/KrauseFx/fastlane/tarball/1.3.0",
    "zipball_url": "https://api.github.com/repos/KrauseFx/fastlane/zipball/1.3.0",
    "body": "- Added new action to update the Xcode project code signing options based on your provisioning profile with support for App Extensions :rocket: (thanks @tobiasstrebitzer)\r\n- Improved output and error information when the `ipa` action goes wrong\r\n- Added support for custom `snapshot` path (thanks @hedjirog)\r\n- Improved handling of `fastlane init` when the `fastlane` folder was already created\r\n- `fastlane` setup process now asks for the app's scheme\r\n- Improved generated `Fastfile`\r\n- Improved action template\r\n- Fixed problems with custom paths for `reset_git` action\r\n- Added new option to `increment_version_number` action (thanks @tobiasstrebitzer)\r\n- Fixed problems when user doesn't have the bash set to UTF-8\r\n- Cleaned up unsupported `ipa` option (thanks @domhof)\r\n- Updated `fastlane` dependencies"
  },
  {
    "url": "https://api.github.com/repos/KrauseFx/fastlane/releases/1318868",
    "assets_url": "https://api.github.com/repos/KrauseFx/fastlane/releases/1318868/assets",
    "upload_url": "https://uploads.github.com/repos/KrauseFx/fastlane/releases/1318868/assets{?name}",
    "html_url": "https://github.com/fastlane/fastlane/releases/tag/1.2.3",
    "id": 1318868,
    "tag_name": "1.2.3",
    "target_commitish": "master",
    "name": "1.2.3 Appfile Multi-Platform Support",
    "draft": false,
    "author": {
      "login": "KrauseFx",
      "id": 869950,
      "avatar_url": "https://avatars.githubusercontent.com/u/869950?v=3",
      "gravatar_id": "",
      "url": "https://api.github.com/users/KrauseFx",
      "html_url": "https://github.com/fastlane",
      "followers_url": "https://api.github.com/users/KrauseFx/followers",
      "following_url": "https://api.github.com/users/KrauseFx/following{/other_user}",
      "gists_url": "https://api.github.com/users/KrauseFx/gists{/gist_id}",
      "starred_url": "https://api.github.com/users/KrauseFx/starred{/owner}{/repo}",
      "subscriptions_url": "https://api.github.com/users/KrauseFx/subscriptions",
      "organizations_url": "https://api.github.com/users/KrauseFx/orgs",
      "repos_url": "https://api.github.com/users/KrauseFx/repos",
      "events_url": "https://api.github.com/users/KrauseFx/events{/privacy}",
      "received_events_url": "https://api.github.com/users/KrauseFx/received_events",
      "type": "User",
      "site_admin": false
    },
    "prerelease": false,
    "created_at": "2015-05-20T17:13:26Z",
    "published_at": "2015-05-20T17:16:12Z",
    "assets": [

    ],
    "tarball_url": "https://api.github.com/repos/KrauseFx/fastlane/tarball/1.2.3",
    "zipball_url": "https://api.github.com/repos/KrauseFx/fastlane/zipball/1.2.3",
    "body": "Thanks to @fabiomassimo you can now define your `Appfile` for multiple platforms:\r\n\r\n```ruby\r\napp_identifier \"net.sunapps.1\"\r\napple_id \"felix@sunapps.net\"\r\nteam_id \"Q2CBPJ58CC\"\r\n\r\nfor_platform :ios do\r\n  apple_id \"fabio@sunapps.ios.net\"\r\n  team_id 'Q2CBPJ58AA' # for all iOS related things\r\n  for_lane :enterprise do\r\n    app_identifier 'net.sunapps.ios.enterprise'\r\n  end\r\nend\r\n```"
  },
  {
    "url": "https://api.github.com/repos/KrauseFx/fastlane/releases/1314261",
    "assets_url": "https://api.github.com/repos/KrauseFx/fastlane/releases/1314261/assets",
    "upload_url": "https://uploads.github.com/repos/KrauseFx/fastlane/releases/1314261/assets{?name}",
    "html_url": "https://github.com/fastlane/fastlane/releases/tag/1.2.2",
    "id": 1314261,
    "tag_name": "1.2.2",
    "target_commitish": "master",
    "name": "1.2.2 New AWS S3 options",
    "draft": false,
    "author": {
      "login": "KrauseFx",
      "id": 869950,
      "avatar_url": "https://avatars.githubusercontent.com/u/869950?v=3",
      "gravatar_id": "",
      "url": "https://api.github.com/users/KrauseFx",
      "html_url": "https://github.com/fastlane",
      "followers_url": "https://api.github.com/users/KrauseFx/followers",
      "following_url": "https://api.github.com/users/KrauseFx/following{/other_user}",
      "gists_url": "https://api.github.com/users/KrauseFx/gists{/gist_id}",
      "starred_url": "https://api.github.com/users/KrauseFx/starred{/owner}{/repo}",
      "subscriptions_url": "https://api.github.com/users/KrauseFx/subscriptions",
      "organizations_url": "https://api.github.com/users/KrauseFx/orgs",
      "repos_url": "https://api.github.com/users/KrauseFx/repos",
      "events_url": "https://api.github.com/users/KrauseFx/events{/privacy}",
      "received_events_url": "https://api.github.com/users/KrauseFx/received_events",
      "type": "User",
      "site_admin": false
    },
    "prerelease": false,
    "created_at": "2015-05-19T18:51:28Z",
    "published_at": "2015-05-19T18:55:12Z",
    "assets": [

    ],
    "tarball_url": "https://api.github.com/repos/KrauseFx/fastlane/tarball/1.2.2",
    "zipball_url": "https://api.github.com/repos/KrauseFx/fastlane/zipball/1.2.2",
    "body": "- When distributing a build to AWS S3, the current build number is now stored on S3 as well, which you can use to check for updates in your app (thanks @dbachrach)\r\n- Fixed an error in the `Fastfile` template (thanks @avanderberg)\r\n- Improved the documentation"
  },
  {
    "url": "https://api.github.com/repos/KrauseFx/fastlane/releases/1312238",
    "assets_url": "https://api.github.com/repos/KrauseFx/fastlane/releases/1312238/assets",
    "upload_url": "https://uploads.github.com/repos/KrauseFx/fastlane/releases/1312238/assets{?name}",
    "html_url": "https://github.com/fastlane/fastlane/releases/tag/1.2.1",
    "id": 1312238,
    "tag_name": "1.2.1",
    "target_commitish": "master",
    "name": "1.2.1 Improvements",
    "draft": false,
    "author": {
      "login": "KrauseFx",
      "id": 869950,
      "avatar_url": "https://avatars.githubusercontent.com/u/869950?v=3",
      "gravatar_id": "",
      "url": "https://api.github.com/users/KrauseFx",
      "html_url": "https://github.com/fastlane",
      "followers_url": "https://api.github.com/users/KrauseFx/followers",
      "following_url": "https://api.github.com/users/KrauseFx/following{/other_user}",
      "gists_url": "https://api.github.com/users/KrauseFx/gists{/gist_id}",
      "starred_url": "https://api.github.com/users/KrauseFx/starred{/owner}{/repo}",
      "subscriptions_url": "https://api.github.com/users/KrauseFx/subscriptions",
      "organizations_url": "https://api.github.com/users/KrauseFx/orgs",
      "repos_url": "https://api.github.com/users/KrauseFx/repos",
      "events_url": "https://api.github.com/users/KrauseFx/events{/privacy}",
      "received_events_url": "https://api.github.com/users/KrauseFx/received_events",
      "type": "User",
      "site_admin": false
    },
    "prerelease": false,
    "created_at": "2015-05-19T11:42:45Z",
    "published_at": "2015-05-19T11:44:11Z",
    "assets": [

    ],
    "tarball_url": "https://api.github.com/repos/KrauseFx/fastlane/tarball/1.2.1",
    "zipball_url": "https://api.github.com/repos/KrauseFx/fastlane/zipball/1.2.1",
    "body": "- Updated `Fastfile` template\r\n- Prepared `fastlane` to work with the new [credentials_manager](https://github.com/fastlane/CredentialsManager)"
  },
  {
    "url": "https://api.github.com/repos/KrauseFx/fastlane/releases/1305141",
    "assets_url": "https://api.github.com/repos/KrauseFx/fastlane/releases/1305141/assets",
    "upload_url": "https://uploads.github.com/repos/KrauseFx/fastlane/releases/1305141/assets{?name}",
    "html_url": "https://github.com/fastlane/fastlane/releases/tag/1.2.0",
    "id": 1305141,
    "tag_name": "1.2.0",
    "target_commitish": "master",
    "name": "1.2.0 Added ChatWork Integration",
    "draft": false,
    "author": {
      "login": "KrauseFx",
      "id": 869950,
      "avatar_url": "https://avatars.githubusercontent.com/u/869950?v=3",
      "gravatar_id": "",
      "url": "https://api.github.com/users/KrauseFx",
      "html_url": "https://github.com/fastlane",
      "followers_url": "https://api.github.com/users/KrauseFx/followers",
      "following_url": "https://api.github.com/users/KrauseFx/following{/other_user}",
      "gists_url": "https://api.github.com/users/KrauseFx/gists{/gist_id}",
      "starred_url": "https://api.github.com/users/KrauseFx/starred{/owner}{/repo}",
      "subscriptions_url": "https://api.github.com/users/KrauseFx/subscriptions",
      "organizations_url": "https://api.github.com/users/KrauseFx/orgs",
      "repos_url": "https://api.github.com/users/KrauseFx/repos",
      "events_url": "https://api.github.com/users/KrauseFx/events{/privacy}",
      "received_events_url": "https://api.github.com/users/KrauseFx/received_events",
      "type": "User",
      "site_admin": false
    },
    "prerelease": false,
    "created_at": "2015-05-17T13:22:20Z",
    "published_at": "2015-05-17T13:22:30Z",
    "assets": [

    ],
    "tarball_url": "https://api.github.com/repos/KrauseFx/fastlane/tarball/1.2.0",
    "zipball_url": "https://api.github.com/repos/KrauseFx/fastlane/zipball/1.2.0",
    "body": "- Added integration for [ChatWork](http://www.chatwork.com/) (thanks @astronaughts)\r\n- Added support for Mac OS for many built-in actions\r\n- Improved parameter verification for new `frameit` integration\r\n- Improved HipChat integration (thanks @eytanbiala)"
  },
  {
    "url": "https://api.github.com/repos/KrauseFx/fastlane/releases/1290766",
    "assets_url": "https://api.github.com/repos/KrauseFx/fastlane/releases/1290766/assets",
    "upload_url": "https://uploads.github.com/repos/KrauseFx/fastlane/releases/1290766/assets{?name}",
    "html_url": "https://github.com/fastlane/fastlane/releases/tag/1.1.0",
    "id": 1290766,
    "tag_name": "1.1.0",
    "target_commitish": "master",
    "name": "1.1.0 New Integrations, More Improvements",
    "draft": false,
    "author": {
      "login": "KrauseFx",
      "id": 869950,
      "avatar_url": "https://avatars.githubusercontent.com/u/869950?v=3",
      "gravatar_id": "",
      "url": "https://api.github.com/users/KrauseFx",
      "html_url": "https://github.com/fastlane",
      "followers_url": "https://api.github.com/users/KrauseFx/followers",
      "following_url": "https://api.github.com/users/KrauseFx/following{/other_user}",
      "gists_url": "https://api.github.com/users/KrauseFx/gists{/gist_id}",
      "starred_url": "https://api.github.com/users/KrauseFx/starred{/owner}{/repo}",
      "subscriptions_url": "https://api.github.com/users/KrauseFx/subscriptions",
      "organizations_url": "https://api.github.com/users/KrauseFx/orgs",
      "repos_url": "https://api.github.com/users/KrauseFx/repos",
      "events_url": "https://api.github.com/users/KrauseFx/events{/privacy}",
      "received_events_url": "https://api.github.com/users/KrauseFx/received_events",
      "type": "User",
      "site_admin": false
    },
    "prerelease": false,
    "created_at": "2015-05-15T20:15:40Z",
    "published_at": "2015-05-15T20:20:03Z",
    "assets": [

    ],
    "tarball_url": "https://api.github.com/repos/KrauseFx/fastlane/tarball/1.1.0",
    "zipball_url": "https://api.github.com/repos/KrauseFx/fastlane/zipball/1.1.0",
    "body": "- Added new `Mailgun` action to send emails right from `fastlane` (thanks @thiagolioy)\r\n- Added new `OCLint` action for static analysis (thanks @HeEAaD)\r\n- Added integration for `frameit` 2.0\r\n- Build output is now much cleaner\r\n- Added new `metadata_only` mode for the new `deliver` version\r\n- Added new `exclude_pattern` option to `clean_build_artifacts` action\r\n- Added more options to `s3` action (thanks @frobichaud)\r\n- `commit_version_bump` will never commit any other files\r\n- Updated the `fastlane` action template to match the new requirements\r\n- Made `git_author` and `last_git_commit` available to all `fastlane` actions\r\n- Improved `hockey` integration\r\n- `snapshot` action now doesn't open the HTML page by default\r\n- Updated dependencies"
  },
  {
    "url": "https://api.github.com/repos/KrauseFx/fastlane/releases/1274160",
    "assets_url": "https://api.github.com/repos/KrauseFx/fastlane/releases/1274160/assets",
    "upload_url": "https://uploads.github.com/repos/KrauseFx/fastlane/releases/1274160/assets{?name}",
    "html_url": "https://github.com/fastlane/fastlane/releases/tag/1.0.2",
    "id": 1274160,
    "tag_name": "1.0.2",
    "target_commitish": "hotfix-shenzhen",
    "name": "1.0.2 Hotfix: shenzhen WatchKit Issue",
    "draft": false,
    "author": {
      "login": "KrauseFx",
      "id": 869950,
      "avatar_url": "https://avatars.githubusercontent.com/u/869950?v=3",
      "gravatar_id": "",
      "url": "https://api.github.com/users/KrauseFx",
      "html_url": "https://github.com/fastlane",
      "followers_url": "https://api.github.com/users/KrauseFx/followers",
      "following_url": "https://api.github.com/users/KrauseFx/following{/other_user}",
      "gists_url": "https://api.github.com/users/KrauseFx/gists{/gist_id}",
      "starred_url": "https://api.github.com/users/KrauseFx/starred{/owner}{/repo}",
      "subscriptions_url": "https://api.github.com/users/KrauseFx/subscriptions",
      "organizations_url": "https://api.github.com/users/KrauseFx/orgs",
      "repos_url": "https://api.github.com/users/KrauseFx/repos",
      "events_url": "https://api.github.com/users/KrauseFx/events{/privacy}",
      "received_events_url": "https://api.github.com/users/KrauseFx/received_events",
      "type": "User",
      "site_admin": false
    },
    "prerelease": false,
    "created_at": "2015-05-08T10:03:22Z",
    "published_at": "2015-05-08T10:07:08Z",
    "assets": [

    ],
    "tarball_url": "https://api.github.com/repos/KrauseFx/fastlane/tarball/1.0.2",
    "zipball_url": "https://api.github.com/repos/KrauseFx/fastlane/zipball/1.0.2",
    "body": "This release switches to `krausefx-shenzhen` to resolve the WatchKit binary issues"
  },
  {
    "url": "https://api.github.com/repos/KrauseFx/fastlane/releases/1265811",
    "assets_url": "https://api.github.com/repos/KrauseFx/fastlane/releases/1265811/assets",
    "upload_url": "https://uploads.github.com/repos/KrauseFx/fastlane/releases/1265811/assets{?name}",
    "html_url": "https://github.com/fastlane/fastlane/releases/tag/1.0.1",
    "id": 1265811,
    "tag_name": "1.0.1",
    "target_commitish": "master",
    "name": "1.0.1 Fixed ipa action",
    "draft": false,
    "author": {
      "login": "KrauseFx",
      "id": 869950,
      "avatar_url": "https://avatars.githubusercontent.com/u/869950?v=3",
      "gravatar_id": "",
      "url": "https://api.github.com/users/KrauseFx",
      "html_url": "https://github.com/fastlane",
      "followers_url": "https://api.github.com/users/KrauseFx/followers",
      "following_url": "https://api.github.com/users/KrauseFx/following{/other_user}",
      "gists_url": "https://api.github.com/users/KrauseFx/gists{/gist_id}",
      "starred_url": "https://api.github.com/users/KrauseFx/starred{/owner}{/repo}",
      "subscriptions_url": "https://api.github.com/users/KrauseFx/subscriptions",
      "organizations_url": "https://api.github.com/users/KrauseFx/orgs",
      "repos_url": "https://api.github.com/users/KrauseFx/repos",
      "events_url": "https://api.github.com/users/KrauseFx/events{/privacy}",
      "received_events_url": "https://api.github.com/users/KrauseFx/received_events",
      "type": "User",
      "site_admin": false
    },
    "prerelease": false,
    "created_at": "2015-05-06T17:04:07Z",
    "published_at": "2015-05-06T17:05:07Z",
    "assets": [

    ],
    "tarball_url": "https://api.github.com/repos/KrauseFx/fastlane/tarball/1.0.1",
    "zipball_url": "https://api.github.com/repos/KrauseFx/fastlane/zipball/1.0.1",
    "body": "- Due to an issue with the latest release of [shenzhen](https://github.com/nomad/shenzhen) the `ipa` action generated invalid `ipa` files your app doesn't have WatchKit support\r\n- Added mac support to `hockey` integration\r\n- Added `public_identifier` option to `hockey` integration\r\n- Improved `fastlane docs` rendering"
  },
  {
    "url": "https://api.github.com/repos/KrauseFx/fastlane/releases/1250739",
    "assets_url": "https://api.github.com/repos/KrauseFx/fastlane/releases/1250739/assets",
    "upload_url": "https://uploads.github.com/repos/KrauseFx/fastlane/releases/1250739/assets{?name}",
    "html_url": "https://github.com/fastlane/fastlane/releases/tag/1.0.0",
    "id": 1250739,
    "tag_name": "1.0.0",
    "target_commitish": "master",
    "name": "1.0.0 fastlane",
    "draft": false,
    "author": {
      "login": "KrauseFx",
      "id": 869950,
      "avatar_url": "https://avatars.githubusercontent.com/u/869950?v=3",
      "gravatar_id": "",
      "url": "https://api.github.com/users/KrauseFx",
      "html_url": "https://github.com/fastlane",
      "followers_url": "https://api.github.com/users/KrauseFx/followers",
      "following_url": "https://api.github.com/users/KrauseFx/following{/other_user}",
      "gists_url": "https://api.github.com/users/KrauseFx/gists{/gist_id}",
      "starred_url": "https://api.github.com/users/KrauseFx/starred{/owner}{/repo}",
      "subscriptions_url": "https://api.github.com/users/KrauseFx/subscriptions",
      "organizations_url": "https://api.github.com/users/KrauseFx/orgs",
      "repos_url": "https://api.github.com/users/KrauseFx/repos",
      "events_url": "https://api.github.com/users/KrauseFx/events{/privacy}",
      "received_events_url": "https://api.github.com/users/KrauseFx/received_events",
      "type": "User",
      "site_admin": false
    },
    "prerelease": false,
    "created_at": "2015-05-05T16:48:11Z",
    "published_at": "2015-05-05T20:09:02Z",
    "assets": [

    ],
    "tarball_url": "https://api.github.com/repos/KrauseFx/fastlane/tarball/1.0.0",
    "zipball_url": "https://api.github.com/repos/KrauseFx/fastlane/zipball/1.0.0",
    "body": "I'm excited to announce that `fastlane` is now version 1.0, following the [Semantic Versioning](http://semver.org/) :tada: \r\n\r\n### Multi Platform Support :rocket: \r\n\r\nThe main reason for the success of fastlane was the great support for one specific platform. I was working hard on refactoring fastlane to handle both iOS and Mac projects with more platforms to come. This doesn't change anything for your existing projects. You can already start using `fastlane` for Mac OS projects.\r\nCheck out the [release notes](https://github.com/fastlane/fastlane/releases/tag/0.11.0) for more information.\r\n\r\n### Auto Update :cloud: \r\n\r\nTired of manually updating `fastlane` each time a new release is available? Just add [update_fastlane](https://github.com/fastlane/fastlane/blob/master/fastlane/docs/Actions.md#update_fastlane) to your `Fastfile` and it will automatically update itself.\r\n\r\n### Documentation :book: \r\n\r\nYou can now view the latest documentation of available actions and their parameters right in your terminal, using the [fastlane action](https://github.com/fastlane/fastlane/blob/master/fastlane/docs/Actions.md#actions) command.\r\n\r\nAdditionally, you can use the new [fastlane docs](https://github.com/fastlane/fastlane/releases/tag/0.9.0) command to generate a documentation of all your available fastlane lanes with a short description.\r\n\r\n### New Configuration System :wrench: \r\n\r\nAll 45 built-in fastlane integrations were completely refactored to use a brand new configuration system. This way fastlane knows about the available parameters, which is used to generate the documentation. Additionally, this update makes testing much easier. More information available on in [release 0.12.0](https://github.com/fastlane/fastlane/releases/tag/0.12.0).\r\n\r\n### Few more things\r\n\r\n- Added `teams`, `mandatory` and `tags` options to the hockey integration\r\n- Improved documentation renderer\r\n- Improved handling of unstable networking connections\r\n- Fixed handling of some characters in the `add_git_tag` integration\r\n- Updated dependencies to all other `fastlane` tools\r\n- New version of [sigh](https://github.com/fastlane/sigh#manage) which can maintain your local provisioning profiles as well\r\n\r\nI hope you like this release, as always you can send me feedback on Twitter [@FastlaneTools](https://twitter.com/FastlaneTools) or via GitHub issues :smiley: "
  },
  {
    "url": "https://api.github.com/repos/KrauseFx/fastlane/releases/1250690",
    "assets_url": "https://api.github.com/repos/KrauseFx/fastlane/releases/1250690/assets",
    "upload_url": "https://uploads.github.com/repos/KrauseFx/fastlane/releases/1250690/assets{?name}",
    "html_url": "https://github.com/fastlane/fastlane/releases/tag/0.13.0",
    "id": 1250690,
    "tag_name": "0.13.0",
    "target_commitish": "master",
    "name": "0.13.0 New Integration",
    "draft": false,
    "author": {
      "login": "KrauseFx",
      "id": 869950,
      "avatar_url": "https://avatars.githubusercontent.com/u/869950?v=3",
      "gravatar_id": "",
      "url": "https://api.github.com/users/KrauseFx",
      "html_url": "https://github.com/fastlane",
      "followers_url": "https://api.github.com/users/KrauseFx/followers",
      "following_url": "https://api.github.com/users/KrauseFx/following{/other_user}",
      "gists_url": "https://api.github.com/users/KrauseFx/gists{/gist_id}",
      "starred_url": "https://api.github.com/users/KrauseFx/starred{/owner}{/repo}",
      "subscriptions_url": "https://api.github.com/users/KrauseFx/subscriptions",
      "organizations_url": "https://api.github.com/users/KrauseFx/orgs",
      "repos_url": "https://api.github.com/users/KrauseFx/repos",
      "events_url": "https://api.github.com/users/KrauseFx/events{/privacy}",
      "received_events_url": "https://api.github.com/users/KrauseFx/received_events",
      "type": "User",
      "site_admin": false
    },
    "prerelease": false,
    "created_at": "2015-05-03T20:30:24Z",
    "published_at": "2015-05-03T20:30:37Z",
    "assets": [

    ],
    "tarball_url": "https://api.github.com/repos/KrauseFx/fastlane/tarball/0.13.0",
    "zipball_url": "https://api.github.com/repos/KrauseFx/fastlane/zipball/0.13.0",
    "body": "- Added new [hall](https://hall.com/) integration (thanks @eytanbiala)\r\n- Fixed bug in `commit_version_bump` (thanks @lmirosevic)\r\n- Added `notes_type` option to Hockey action (thanks @orta)\r\n- Added `release_type` option to Hockey action (thanks @keatongreve)\r\n- Updated `Fastfile` template (thanks @dataich)\r\n- Fixed threading problem of network request\r\n- Fixed `for_lane` integration with new platform support\r\n- Fixed installation issues\r\n- Fixed `fastlane --help` command"
  },
  {
    "url": "https://api.github.com/repos/KrauseFx/fastlane/releases/1224304",
    "assets_url": "https://api.github.com/repos/KrauseFx/fastlane/releases/1224304/assets",
    "upload_url": "https://uploads.github.com/repos/KrauseFx/fastlane/releases/1224304/assets{?name}",
    "html_url": "https://github.com/fastlane/fastlane/releases/tag/0.12.5",
    "id": 1224304,
    "tag_name": "0.12.5",
    "target_commitish": "master",
    "name": "0.12.5 New dsym action",
    "draft": false,
    "author": {
      "login": "KrauseFx",
      "id": 869950,
      "avatar_url": "https://avatars.githubusercontent.com/u/869950?v=3",
      "gravatar_id": "",
      "url": "https://api.github.com/users/KrauseFx",
      "html_url": "https://github.com/fastlane",
      "followers_url": "https://api.github.com/users/KrauseFx/followers",
      "following_url": "https://api.github.com/users/KrauseFx/following{/other_user}",
      "gists_url": "https://api.github.com/users/KrauseFx/gists{/gist_id}",
      "starred_url": "https://api.github.com/users/KrauseFx/starred{/owner}{/repo}",
      "subscriptions_url": "https://api.github.com/users/KrauseFx/subscriptions",
      "organizations_url": "https://api.github.com/users/KrauseFx/orgs",
      "repos_url": "https://api.github.com/users/KrauseFx/repos",
      "events_url": "https://api.github.com/users/KrauseFx/events{/privacy}",
      "received_events_url": "https://api.github.com/users/KrauseFx/received_events",
      "type": "User",
      "site_admin": false
    },
    "prerelease": false,
    "created_at": "2015-04-27T23:43:52Z",
    "published_at": "2015-04-27T23:49:18Z",
    "assets": [

    ],
    "tarball_url": "https://api.github.com/repos/KrauseFx/fastlane/tarball/0.12.5",
    "zipball_url": "https://api.github.com/repos/KrauseFx/fastlane/zipball/0.12.5",
    "body": "- Added `dsym_zip` action (thanks @lmirosevic)\r\n- You can now use different Apple IDs for `deliver` than for the rest of integrations\r\n- Fixed problem when naming `fastlane` folder `.fastlane` (thanks @skywinder)\r\n- Added `output_style` parameter for modifying xcpretty output (thanks @lmirosevic)\r\n- Re-added `:force` option to `commit_version_bump` action (thanks @milch)"
  },
  {
    "url": "https://api.github.com/repos/KrauseFx/fastlane/releases/1191555",
    "assets_url": "https://api.github.com/repos/KrauseFx/fastlane/releases/1191555/assets",
    "upload_url": "https://uploads.github.com/repos/KrauseFx/fastlane/releases/1191555/assets{?name}",
    "html_url": "https://github.com/fastlane/fastlane/releases/tag/0.12.4",
    "id": 1191555,
    "tag_name": "0.12.4",
    "target_commitish": "master",
    "name": "0.12.4 More fixes",
    "draft": false,
    "author": {
      "login": "KrauseFx",
      "id": 869950,
      "avatar_url": "https://avatars.githubusercontent.com/u/869950?v=3",
      "gravatar_id": "",
      "url": "https://api.github.com/users/KrauseFx",
      "html_url": "https://github.com/fastlane",
      "followers_url": "https://api.github.com/users/KrauseFx/followers",
      "following_url": "https://api.github.com/users/KrauseFx/following{/other_user}",
      "gists_url": "https://api.github.com/users/KrauseFx/gists{/gist_id}",
      "starred_url": "https://api.github.com/users/KrauseFx/starred{/owner}{/repo}",
      "subscriptions_url": "https://api.github.com/users/KrauseFx/subscriptions",
      "organizations_url": "https://api.github.com/users/KrauseFx/orgs",
      "repos_url": "https://api.github.com/users/KrauseFx/repos",
      "events_url": "https://api.github.com/users/KrauseFx/events{/privacy}",
      "received_events_url": "https://api.github.com/users/KrauseFx/received_events",
      "type": "User",
      "site_admin": false
    },
    "prerelease": false,
    "created_at": "2015-04-20T20:04:55Z",
    "published_at": "2015-04-20T20:06:40Z",
    "assets": [

    ],
    "tarball_url": "https://api.github.com/repos/KrauseFx/fastlane/tarball/0.12.4",
    "zipball_url": "https://api.github.com/repos/KrauseFx/fastlane/zipball/0.12.4",
    "body": "Fixes for some more actions and even more tests :+1: "
  },
  {
    "url": "https://api.github.com/repos/KrauseFx/fastlane/releases/1190856",
    "assets_url": "https://api.github.com/repos/KrauseFx/fastlane/releases/1190856/assets",
    "upload_url": "https://uploads.github.com/repos/KrauseFx/fastlane/releases/1190856/assets{?name}",
    "html_url": "https://github.com/fastlane/fastlane/releases/tag/0.12.3",
    "id": 1190856,
    "tag_name": "0.12.3",
    "target_commitish": "master",
    "name": "0.12.3 Fixed integration issues",
    "draft": false,
    "author": {
      "login": "KrauseFx",
      "id": 869950,
      "avatar_url": "https://avatars.githubusercontent.com/u/869950?v=3",
      "gravatar_id": "",
      "url": "https://api.github.com/users/KrauseFx",
      "html_url": "https://github.com/fastlane",
      "followers_url": "https://api.github.com/users/KrauseFx/followers",
      "following_url": "https://api.github.com/users/KrauseFx/following{/other_user}",
      "gists_url": "https://api.github.com/users/KrauseFx/gists{/gist_id}",
      "starred_url": "https://api.github.com/users/KrauseFx/starred{/owner}{/repo}",
      "subscriptions_url": "https://api.github.com/users/KrauseFx/subscriptions",
      "organizations_url": "https://api.github.com/users/KrauseFx/orgs",
      "repos_url": "https://api.github.com/users/KrauseFx/repos",
      "events_url": "https://api.github.com/users/KrauseFx/events{/privacy}",
      "received_events_url": "https://api.github.com/users/KrauseFx/received_events",
      "type": "User",
      "site_admin": false
    },
    "prerelease": false,
    "created_at": "2015-04-20T17:04:32Z",
    "published_at": "2015-04-20T17:09:40Z",
    "assets": [

    ],
    "tarball_url": "https://api.github.com/repos/KrauseFx/fastlane/tarball/0.12.3",
    "zipball_url": "https://api.github.com/repos/KrauseFx/fastlane/zipball/0.12.3",
    "body": "- Fixes issues with hockey app not correctly using default settings\r\n- Added more tests"
  },
  {
    "url": "https://api.github.com/repos/KrauseFx/fastlane/releases/1189352",
    "assets_url": "https://api.github.com/repos/KrauseFx/fastlane/releases/1189352/assets",
    "upload_url": "https://uploads.github.com/repos/KrauseFx/fastlane/releases/1189352/assets{?name}",
    "html_url": "https://github.com/fastlane/fastlane/releases/tag/0.12.2",
    "id": 1189352,
    "tag_name": "0.12.2",
    "target_commitish": "master",
    "name": "0.12.2 Bugfixes",
    "draft": false,
    "author": {
      "login": "KrauseFx",
      "id": 869950,
      "avatar_url": "https://avatars.githubusercontent.com/u/869950?v=3",
      "gravatar_id": "",
      "url": "https://api.github.com/users/KrauseFx",
      "html_url": "https://github.com/fastlane",
      "followers_url": "https://api.github.com/users/KrauseFx/followers",
      "following_url": "https://api.github.com/users/KrauseFx/following{/other_user}",
      "gists_url": "https://api.github.com/users/KrauseFx/gists{/gist_id}",
      "starred_url": "https://api.github.com/users/KrauseFx/starred{/owner}{/repo}",
      "subscriptions_url": "https://api.github.com/users/KrauseFx/subscriptions",
      "organizations_url": "https://api.github.com/users/KrauseFx/orgs",
      "repos_url": "https://api.github.com/users/KrauseFx/repos",
      "events_url": "https://api.github.com/users/KrauseFx/events{/privacy}",
      "received_events_url": "https://api.github.com/users/KrauseFx/received_events",
      "type": "User",
      "site_admin": false
    },
    "prerelease": false,
    "created_at": "2015-04-20T10:41:54Z",
    "published_at": "2015-04-20T10:42:41Z",
    "assets": [

    ],
    "tarball_url": "https://api.github.com/repos/KrauseFx/fastlane/tarball/0.12.2",
    "zipball_url": "https://api.github.com/repos/KrauseFx/fastlane/zipball/0.12.2",
    "body": "Resolved some issues introduced with the recent updates"
  },
  {
    "url": "https://api.github.com/repos/KrauseFx/fastlane/releases/1186810",
    "assets_url": "https://api.github.com/repos/KrauseFx/fastlane/releases/1186810/assets",
    "upload_url": "https://uploads.github.com/repos/KrauseFx/fastlane/releases/1186810/assets{?name}",
    "html_url": "https://github.com/fastlane/fastlane/releases/tag/0.12.0",
    "id": 1186810,
    "tag_name": "0.12.0",
    "target_commitish": "master",
    "name": "0.12.0 New Configuration System",
    "draft": false,
    "author": {
      "login": "KrauseFx",
      "id": 869950,
      "avatar_url": "https://avatars.githubusercontent.com/u/869950?v=3",
      "gravatar_id": "",
      "url": "https://api.github.com/users/KrauseFx",
      "html_url": "https://github.com/fastlane",
      "followers_url": "https://api.github.com/users/KrauseFx/followers",
      "following_url": "https://api.github.com/users/KrauseFx/following{/other_user}",
      "gists_url": "https://api.github.com/users/KrauseFx/gists{/gist_id}",
      "starred_url": "https://api.github.com/users/KrauseFx/starred{/owner}{/repo}",
      "subscriptions_url": "https://api.github.com/users/KrauseFx/subscriptions",
      "organizations_url": "https://api.github.com/users/KrauseFx/orgs",
      "repos_url": "https://api.github.com/users/KrauseFx/repos",
      "events_url": "https://api.github.com/users/KrauseFx/events{/privacy}",
      "received_events_url": "https://api.github.com/users/KrauseFx/received_events",
      "type": "User",
      "site_admin": false
    },
    "prerelease": false,
    "created_at": "2015-04-19T20:05:48Z",
    "published_at": "2015-04-19T20:10:44Z",
    "assets": [

    ],
    "tarball_url": "https://api.github.com/repos/KrauseFx/fastlane/tarball/0.12.0",
    "zipball_url": "https://api.github.com/repos/KrauseFx/fastlane/zipball/0.12.0",
    "body": "**tldr:** You might need to update your Fastfile using the [MigrationGuide](https://github.com/fastlane/fastlane/blob/master/docs/MigrationGuide.md).\r\n\r\n### The biggest change of fastlane yet :boom: \r\n\r\n126 new commits, all added over the weekend (crazy me, @joshdholtz and @milch :rocket:), all in one giant [pull request](https://github.com/fastlane/fastlane/pull/208).\r\n\r\nThe `fastlane` actions now use a completely new way to offer configuration: Up until now, every action handled configuration, default values and validation on its own.\r\n\r\nI took all that and moved it into [fastlane_core](https://github.com/fastlane/fastlane_core) to have all in a centralised code base.\r\n\r\n#### Why?\r\n\r\n- You now have the same API style for all `fastlane` actions\r\n- All available parameters can now be set as either arguments or environment variables\r\n- Much better error handling and test coverage thanks to a centralised system\r\n- Better generated documentation when using `fastlane actions`\r\n- Less boiler code for each action\r\n\r\n#### What has changed for me?\r\n\r\nI tried to adapt `fastlane` to not require a lot of changes in your `Fastfile`. There are only 3 actions that need to be adapted: I published a short [MigrationGuide](https://github.com/fastlane/fastlane/blob/master/docs/MigrationGuide.md). \r\n\r\nThese changes were necessary to support future development. The plan is to release a `1.0.0` later next week. This was the first and only time there were breaking changes in `fastlane`.\r\n\r\n#### Future\r\n\r\nWe have to think about our future. We want it to be bright :high_brightness: and fast :rocket:!\r\n\r\nThat's why this change enables `fastlane` doing **so much cool new stuff** in future releases, I'm super excited about what's coming next!\r\n\r\n\r\n#### One more thing\r\n\r\nThe code coverage of `fastlane` was improved to: [![Coverage Status](https://coveralls.io/repos/KrauseFx/fastlane/badge.svg?branch=master)](https://coveralls.io/r/KrauseFx/fastlane?branch=master)\r\n\r\nThe updated [fastlane_core](https://github.com/fastlane/fastlane_core) has a similar coverage: [![Coverage Status](https://coveralls.io/repos/KrauseFx/fastlane_core/badge.svg?branch=master)](https://coveralls.io/r/KrauseFx/fastlane_core?branch=master)"
  },
  {
    "url": "https://api.github.com/repos/KrauseFx/fastlane/releases/1185902",
    "assets_url": "https://api.github.com/repos/KrauseFx/fastlane/releases/1185902/assets",
    "upload_url": "https://uploads.github.com/repos/KrauseFx/fastlane/releases/1185902/assets{?name}",
    "html_url": "https://github.com/fastlane/fastlane/releases/tag/0.11.0",
    "id": 1185902,
    "tag_name": "0.11.0",
    "target_commitish": "master",
    "name": "0.11.0 Cross-Platform Support",
    "draft": false,
    "author": {
      "login": "KrauseFx",
      "id": 869950,
      "avatar_url": "https://avatars.githubusercontent.com/u/869950?v=3",
      "gravatar_id": "",
      "url": "https://api.github.com/users/KrauseFx",
      "html_url": "https://github.com/fastlane",
      "followers_url": "https://api.github.com/users/KrauseFx/followers",
      "following_url": "https://api.github.com/users/KrauseFx/following{/other_user}",
      "gists_url": "https://api.github.com/users/KrauseFx/gists{/gist_id}",
      "starred_url": "https://api.github.com/users/KrauseFx/starred{/owner}{/repo}",
      "subscriptions_url": "https://api.github.com/users/KrauseFx/subscriptions",
      "organizations_url": "https://api.github.com/users/KrauseFx/orgs",
      "repos_url": "https://api.github.com/users/KrauseFx/repos",
      "events_url": "https://api.github.com/users/KrauseFx/events{/privacy}",
      "received_events_url": "https://api.github.com/users/KrauseFx/received_events",
      "type": "User",
      "site_admin": false
    },
    "prerelease": false,
    "created_at": "2015-04-19T09:22:31Z",
    "published_at": "2015-04-19T09:22:56Z",
    "assets": [

    ],
    "tarball_url": "https://api.github.com/repos/KrauseFx/fastlane/tarball/0.11.0",
    "zipball_url": "https://api.github.com/repos/KrauseFx/fastlane/zipball/0.11.0",
    "body": "#### fastlane now supports multiple platforms, right now iOS and Mac :rocket: \r\n\r\n - Every action now specifies support for the different platforms :unlock: \r\n - `fastlane` generates a nice documentation of the new `Fastfile` using `fastlane docs` :book: \r\n - Auto completion of all actions for a platform: e.g. `fastlane ios` will list all iOS lanes :oncoming_automobile:    \r\n - A lot of internal refactorings and enhanced tests :factory: \r\n\r\nThe example below demonstrates what's possible. But don't worry, if you're using `fastlane` for iOS only, you **will not notice any changes** at all :smiley: \r\n\r\n```ruby\r\nbefore_all do\r\n  puts \"This block is executed before every action of all platforms\"\r\nend\r\n\r\nplatform :ios do\r\n  before_all do\r\n    cocoapods\r\n  end\r\n\r\n  lane :beta do\r\n    ipa\r\n    hockey\r\n  end\r\n\r\n  after_all do\r\n    puts \"Finished iOS related work\"\r\n  end\r\nend\r\n\r\nplatform :mac do\r\n  lane :beta do\r\n    xcodebuild\r\n    hockey\r\n  end\r\nend\r\n\r\nafter_all do\r\n  puts \"Executed after every lane of both Mac and iPhone\"\r\n  slack\r\nend\r\n```\r\n\r\nExecute lanes like this:\r\n\r\n```\r\nfastlane ios beta\r\n```\r\n```\r\nfastlane mac beta\r\n```"
  },
  {
    "url": "https://api.github.com/repos/KrauseFx/fastlane/releases/1172172",
    "assets_url": "https://api.github.com/repos/KrauseFx/fastlane/releases/1172172/assets",
    "upload_url": "https://uploads.github.com/repos/KrauseFx/fastlane/releases/1172172/assets{?name}",
    "html_url": "https://github.com/fastlane/fastlane/releases/tag/0.10.0",
    "id": 1172172,
    "tag_name": "0.10.0",
    "target_commitish": "master",
    "name": "0.10.0 PEM Integration",
    "draft": false,
    "author": {
      "login": "KrauseFx",
      "id": 869950,
      "avatar_url": "https://avatars.githubusercontent.com/u/869950?v=3",
      "gravatar_id": "",
      "url": "https://api.github.com/users/KrauseFx",
      "html_url": "https://github.com/fastlane",
      "followers_url": "https://api.github.com/users/KrauseFx/followers",
      "following_url": "https://api.github.com/users/KrauseFx/following{/other_user}",
      "gists_url": "https://api.github.com/users/KrauseFx/gists{/gist_id}",
      "starred_url": "https://api.github.com/users/KrauseFx/starred{/owner}{/repo}",
      "subscriptions_url": "https://api.github.com/users/KrauseFx/subscriptions",
      "organizations_url": "https://api.github.com/users/KrauseFx/orgs",
      "repos_url": "https://api.github.com/users/KrauseFx/repos",
      "events_url": "https://api.github.com/users/KrauseFx/events{/privacy}",
      "received_events_url": "https://api.github.com/users/KrauseFx/received_events",
      "type": "User",
      "site_admin": false
    },
    "prerelease": false,
    "created_at": "2015-04-17T10:00:35Z",
    "published_at": "2015-04-17T10:00:52Z",
    "assets": [

    ],
    "tarball_url": "https://api.github.com/repos/KrauseFx/fastlane/tarball/0.10.0",
    "zipball_url": "https://api.github.com/repos/KrauseFx/fastlane/zipball/0.10.0",
    "body": "- You can now use [PEM](https://github.com/fastlane/PEM) right in `fastlane`. This will automatically create a new push profile if needed :rocket: (Thanks @aafa for working on `PEM`)\r\n- Improved the documentation generated when using `fastlane docs` :book: "
  },
  {
    "url": "https://api.github.com/repos/KrauseFx/fastlane/releases/1171773",
    "assets_url": "https://api.github.com/repos/KrauseFx/fastlane/releases/1171773/assets",
    "upload_url": "https://uploads.github.com/repos/KrauseFx/fastlane/releases/1171773/assets{?name}",
    "html_url": "https://github.com/fastlane/fastlane/releases/tag/0.9.0",
    "id": 1171773,
    "tag_name": "0.9.0",
    "target_commitish": "master",
    "name": "0.9.0 Generate lane documentation",
    "draft": false,
    "author": {
      "login": "KrauseFx",
      "id": 869950,
      "avatar_url": "https://avatars.githubusercontent.com/u/869950?v=3",
      "gravatar_id": "",
      "url": "https://api.github.com/users/KrauseFx",
      "html_url": "https://github.com/fastlane",
      "followers_url": "https://api.github.com/users/KrauseFx/followers",
      "following_url": "https://api.github.com/users/KrauseFx/following{/other_user}",
      "gists_url": "https://api.github.com/users/KrauseFx/gists{/gist_id}",
      "starred_url": "https://api.github.com/users/KrauseFx/starred{/owner}{/repo}",
      "subscriptions_url": "https://api.github.com/users/KrauseFx/subscriptions",
      "organizations_url": "https://api.github.com/users/KrauseFx/orgs",
      "repos_url": "https://api.github.com/users/KrauseFx/repos",
      "events_url": "https://api.github.com/users/KrauseFx/events{/privacy}",
      "received_events_url": "https://api.github.com/users/KrauseFx/received_events",
      "type": "User",
      "site_admin": false
    },
    "prerelease": false,
    "created_at": "2015-04-15T19:28:37Z",
    "published_at": "2015-04-15T19:28:55Z",
    "assets": [

    ],
    "tarball_url": "https://api.github.com/repos/KrauseFx/fastlane/tarball/0.9.0",
    "zipball_url": "https://api.github.com/repos/KrauseFx/fastlane/zipball/0.9.0",
    "body": "This release was kindly sponsored by [Product Hunt](http://www.producthunt.com/) :star2: \r\n\r\n- Use `fastlane docs` to generate a markdown based documentation of all your lanes. :book:\r\n- The `ipa` action now shows much more useful information while building and on errors :rocket: \r\n- `slack` messages now handle super long messages much better :+1: \r\n- Fixed a bug in `increment_build_number` handling non string values\r\n\r\n\r\nExample documentation for lanes:\r\n\r\n```ruby\r\ndesc \"Create new screenshots for all the devices\"\r\ndesc \"This will use `snapshot` to interact with the app\"\r\nlane :screenshots do\r\n  snapshot\r\nend\r\n```\r\n\r\nThis will generate a new markdown file in `./fastlane/README.md` to view right on GitHub :+1: \r\n\r\n----- \r\n\r\n### Example lane documentation:\r\n![screenshot 2015-04-15 20 30 10](https://cloud.githubusercontent.com/assets/869950/7167589/477e1d68-e3ae-11e4-9bb5-b47ae1a250a0.png)"
  },
  {
    "url": "https://api.github.com/repos/KrauseFx/fastlane/releases/1169312",
    "assets_url": "https://api.github.com/repos/KrauseFx/fastlane/releases/1169312/assets",
    "upload_url": "https://uploads.github.com/repos/KrauseFx/fastlane/releases/1169312/assets{?name}",
    "html_url": "https://github.com/fastlane/fastlane/releases/tag/0.8.1",
    "id": 1169312,
    "tag_name": "0.8.1",
    "target_commitish": "master",
    "name": "0.8.1 Fixed problem with deliver",
    "draft": false,
    "author": {
      "login": "KrauseFx",
      "id": 869950,
      "avatar_url": "https://avatars.githubusercontent.com/u/869950?v=3",
      "gravatar_id": "",
      "url": "https://api.github.com/users/KrauseFx",
      "html_url": "https://github.com/fastlane",
      "followers_url": "https://api.github.com/users/KrauseFx/followers",
      "following_url": "https://api.github.com/users/KrauseFx/following{/other_user}",
      "gists_url": "https://api.github.com/users/KrauseFx/gists{/gist_id}",
      "starred_url": "https://api.github.com/users/KrauseFx/starred{/owner}{/repo}",
      "subscriptions_url": "https://api.github.com/users/KrauseFx/subscriptions",
      "organizations_url": "https://api.github.com/users/KrauseFx/orgs",
      "repos_url": "https://api.github.com/users/KrauseFx/repos",
      "events_url": "https://api.github.com/users/KrauseFx/events{/privacy}",
      "received_events_url": "https://api.github.com/users/KrauseFx/received_events",
      "type": "User",
      "site_admin": false
    },
    "prerelease": false,
    "created_at": "2015-04-15T09:48:20Z",
    "published_at": "2015-04-15T09:50:41Z",
    "assets": [

    ],
    "tarball_url": "https://api.github.com/repos/KrauseFx/fastlane/tarball/0.8.1",
    "zipball_url": "https://api.github.com/repos/KrauseFx/fastlane/zipball/0.8.1",
    "body": "Fixed a problem with the `deliver` integration when no `ipa` file was used and only app metadata was uploaded."
  },
  {
    "url": "https://api.github.com/repos/KrauseFx/fastlane/releases/1166505",
    "assets_url": "https://api.github.com/repos/KrauseFx/fastlane/releases/1166505/assets",
    "upload_url": "https://uploads.github.com/repos/KrauseFx/fastlane/releases/1166505/assets{?name}",
    "html_url": "https://github.com/fastlane/fastlane/releases/tag/0.8.0",
    "id": 1166505,
    "tag_name": "0.8.0",
    "target_commitish": "master",
    "name": "0.8.0 fastlane lanes and enhancer",
    "draft": false,
    "author": {
      "login": "KrauseFx",
      "id": 869950,
      "avatar_url": "https://avatars.githubusercontent.com/u/869950?v=3",
      "gravatar_id": "",
      "url": "https://api.github.com/users/KrauseFx",
      "html_url": "https://github.com/fastlane",
      "followers_url": "https://api.github.com/users/KrauseFx/followers",
      "following_url": "https://api.github.com/users/KrauseFx/following{/other_user}",
      "gists_url": "https://api.github.com/users/KrauseFx/gists{/gist_id}",
      "starred_url": "https://api.github.com/users/KrauseFx/starred{/owner}{/repo}",
      "subscriptions_url": "https://api.github.com/users/KrauseFx/subscriptions",
      "organizations_url": "https://api.github.com/users/KrauseFx/orgs",
      "repos_url": "https://api.github.com/users/KrauseFx/repos",
      "events_url": "https://api.github.com/users/KrauseFx/events{/privacy}",
      "received_events_url": "https://api.github.com/users/KrauseFx/received_events",
      "type": "User",
      "site_admin": false
    },
    "prerelease": false,
    "created_at": "2015-04-14T21:09:55Z",
    "published_at": "2015-04-14T21:21:10Z",
    "assets": [

    ],
    "tarball_url": "https://api.github.com/repos/KrauseFx/fastlane/tarball/0.8.0",
    "zipball_url": "https://api.github.com/repos/KrauseFx/fastlane/zipball/0.8.0",
    "body": "- New `fastlane lanes` command: List all available lanes right from your terminal :tada: \r\n- Added [enhaner](https://github.com/fastlane/enhancer): This will track the number of errors for each action to detect integration issues. More information about the data and how to opt out available on [GitHub] (https://github.com/fastlane/enhancer) :lock: \r\n- Added support for multiple report types with `xctest` action (thanks @coreyfloyd)\r\n- Improved Documentation :book: \r\n- `DELIVERFILE_PATH` to use a specific `Deliverfile` :package:"
  }
]